[
   {
      "slot":1,
      "address":"0x164ce5f8",
      "qty":4,
      "item_id":1047,
      "grade":0
   },
   {
      "slot":2,
      "address":"0x164ce66c",
      "qty":17,
      "item_id":1067,
      "grade":0
   },
   {
      "slot":3,
      "address":"0x164ce6e0",
      "qty":4,
      "item_id":1063,
      "grade":0
   },
   {
      "slot":4,
      "address":"0x164ce754",
      "qty":5,
      "item_id":31,
      "grade":0
   },
   {
      "slot":5,
      "address":"0x164ce7c8",
      "qty":6,
      "item_id":1062,
      "grade":0
   },
   {
      "slot":6,
      "address":"0x164ce83c",
      "qty":5,
      "item_id":5160,
      "grade":0
   },
   {
      "slot":7,
      "address":"0x164ce8b0",
      "qty":1,
      "item_id":50,
      "grade":0
   },
   {
      "slot":8,
      "address":"0x164ce924",
      "qty":1,
      "item_id":1069,
      "grade":0
   },
   {
      "slot":9,
      "address":"0x164ce998",
      "qty":6,
      "item_id":34,
      "grade":0
   },
   {
      "slot":10,
      "address":"0x164cea0c",
      "qty":3,
      "item_id":1064,
      "grade":0
   },
   {
      "slot":11,
      "address":"0x164cea80",
      "qty":1,
      "item_id":1081,
      "grade":0
   },
   {
      "slot":12,
      "address":"0x164ceaf4",
      "qty":1,
      "item_id":11,
      "grade":0
   },
   {
      "slot":13,
      "address":"0x164ceb68",
      "qty":0,
      "item_id":0,
      "grade":0
   },
   {
      "slot":14,
      "address":"0x164cebdc",
      "qty":0,
      "item_id":0,
      "grade":0
   },
   {
      "slot":15,
      "address":"0x164cec50",
      "qty":0,
      "item_id":0,
      "grade":0
   },
   {
      "slot":16,
      "address":"0x164cecc4",
      "qty":0,
      "item_id":0,
      "grade":0
   },
   {
      "slot":17,
      "address":"0x164ced38",
      "qty":6,
      "item_id":13,
      "grade":0
   },
   {
      "slot":18,
      "address":"0x164cedac",
      "qty":17,
      "item_id":18,
      "grade":0
   },
   {
      "slot":19,
      "address":"0x164cee20",
      "qty":0,
      "item_id":0,
      "grade":0
   },
   {
      "slot":20,
      "address":"0x164cee94",
      "qty":0,
      "item_id":0,
      "grade":0
   },
   {
      "slot":21,
      "address":"0x164cef08",
      "qty":0,
      "item_id":0,
      "grade":0
   },
   {
      "slot":22,
      "address":"0x164cef7c",
      "qty":0,
      "item_id":0,
      "grade":0
   },
   {
      "slot":23,
      "address":"0x164ceff0",
      "qty":0,
      "item_id":0,
      "grade":0
   },
   {
      "slot":24,
      "address":"0x164cf064",
      "qty":0,
      "item_id":0,
      "grade":0
   },
   {
      "slot":25,
      "address":"0x164cf0d8",
      "qty":0,
      "item_id":5274,
      "grade":0
   },
   {
      "slot":26,
      "address":"0x164cf14c",
      "qty":0,
      "item_id":433,
      "grade":0
   },
   {
      "slot":27,
      "address":"0x164cf1c0",
      "qty":0,
      "item_id":10447,
      "grade":0
   },
   {
      "slot":28,
      "address":"0x164cf234",
      "qty":0,
      "item_id":0,
      "grade":0
   },
   {
      "slot":29,
      "address":"0x164cf2a8",
      "qty":0,
      "item_id":340,
      "grade":0
   },
   {
      "slot":30,
      "address":"0x164cf31c",
      "qty":0,
      "item_id":519,
      "grade":1
   },
   {
      "slot":31,
      "address":"0x164cf390",
      "qty":73,
      "item_id":9667,
      "grade":0
   },
   {
      "slot":32,
      "address":"0x164cf404",
      "qty":0,
      "item_id":432,
      "grade":0
   },
   {
      "slot":33,
      "address":"0x164cf478",
      "qty":62,
      "item_id":130,
      "grade":0
   },
   {
      "slot":34,
      "address":"0x164cf4ec",
      "qty":262,
      "item_id":126,
      "grade":0
   },
   {
      "slot":35,
      "address":"0x164cf560",
      "qty":0,
      "item_id":11574,
      "grade":0
   },
   {
      "slot":36,
      "address":"0x164cf5d4",
      "qty":63,
      "item_id":131,
      "grade":0
   },
   {
      "slot":37,
      "address":"0x164cf648",
      "qty":0,
      "item_id":4335,
      "grade":0
   },
   {
      "slot":38,
      "address":"0x164cf6bc",
      "qty":0,
      "item_id":4434,
      "grade":0
   },
   {
      "slot":39,
      "address":"0x164cf730",
      "qty":124,
      "item_id":14756,
      "grade":0
   },
   {
      "slot":40,
      "address":"0x164cf7a4",
      "qty":0,
      "item_id":8587,
      "grade":0
   }
]
